{"cameraMode":{"drawMode":0,"name":"Shaded","section":"Shading Mode"},"sceneLighting":false,"audioPlay":false,"sceneViewState":{"m_AlwaysRefresh":false,"showFog":true,"showSkybox":false,"showFlares":true,"showImageEffects":true,"showParticleSystems":true,"showVisualEffectGraphs":true,"m_FxEnabled":true},"in2DMode":false,"pivot":{"x":2.390655040740967,"y":1.4585000276565552,"z":2.1504998207092287},"rotation":{"x":-0.0075026610866189,"y":0.28115570545196535,"z":-0.002168606501072645,"w":-0.9596577286720276},"size":4.383692264556885,"orthographic":false}